,R,K,Q,E,D,N,H,S,T,A,V,I,L,M,P,G,Y,F,W,C
561,0.060630143,0.13982892,0.049008667,0.10824561,0.048012376,0.056353807,0.051440537,0.06648493,0.14309317,0.005319476,0.08897406,0.19030613,0.16916174,0.11263436,0.22022879,0.09981525,0.16834939,0.25413316,0.3081323,0.149279
562,0.3397131,0.31145322,0.0936476,0.16302955,0.06908792,0.10673165,0.18757361,0.17519313,0.093704104,0.038342893,0.23782128,0.19364232,0.050521135,0.013225675,0.05899203,0.0554471,0.41738707,0.19875306,0.45498592,0.08145499
563,0.03900951,0.24504656,0.0053910613,0.062366605,0.06301528,0.032404304,0.0053210855,0.10866487,0.018305063,0.04988247,0.05918169,0.2098465,0.15604591,0.055730462,0.31365705,0.073212564,0.15270287,0.08858603,0.15393746,0.20828241
564,0.05766648,0.04925847,0.013884246,0.22237241,0.07241523,0.010062218,0.0098769665,0.063593626,0.042316973,0.20714617,0.02101481,0.08169061,0.01587373,0.015800774,0.053872526,0.012981594,0.17152119,0.082580864,0.21808249,0.030995786
565,0.44638222,0.18215102,0.29693788,0.37511504,0.21844685,0.20554179,0.39876866,0.18230611,0.11306667,0.2046954,0.09609491,0.16611606,0.10875547,0.111338794,0.27124828,0.2618972,0.36158973,0.33250874,0.2568506,0.23640072
566,0.07424879,0.0763281,0.12709337,0.14062226,0.21627563,0.14033389,0.011522353,0.06973773,0.13240737,0.13414896,0.115475714,0.15060812,0.31753802,0.12102866,0.44818836,0.009309113,0.15635884,0.20967716,0.14473164,0.05960852
567,0.33388728,0.34424788,0.29725718,0.3886295,0.48714888,0.33751088,0.3238023,0.015465677,0.048677742,0.02210313,0.220164,0.37909496,0.46397513,0.1968742,0.011224806,0.15420651,0.22621173,0.42493027,0.42599148,0.026746571
568,0.2851029,0.099291146,0.030812442,0.17753118,0.25177157,0.0561015,0.032791376,0.22453141,0.23092115,0.055862665,0.17953306,0.22324806,0.20010358,0.2655446,0.21462035,0.052377403,0.07124871,0.19781673,0.2088114,0.18319386
569,0.034766734,0.0063124895,0.01163578,0.006699741,0.027269721,0.39669734,0.013315201,0.013938129,0.010694385,0.008323967,0.025283515,0.0071287155,0.007915139,0.006616235,0.012114346,0.012380362,0.006407082,0.007967591,0.00931412,0.06027472
570,0.039925814,0.1141001,0.01129657,0.016344607,0.07540858,0.017895162,0.033765137,0.09135932,0.082754016,0.0782693,0.0722006,0.030448258,0.021530569,0.023427963,0.27369344,0.07017571,0.02404821,0.050034106,0.015577555,0.10845077
571,0.30321562,0.24983323,0.062443674,0.011344969,0.026097417,0.10792881,0.06117314,0.013988376,0.0727424,0.14224875,0.17594147,0.08817577,0.09530896,0.054776013,0.25512928,0.13707048,0.09466529,0.03802824,0.10786408,0.083211064
572,0.41387385,0.40879416,0.25635272,0.3509814,0.3613729,0.28604704,0.2899161,0.01598996,0.35917348,0.06642395,0.28474545,0.21865398,0.27193123,0.2743975,0.37122792,0.023325741,0.22238886,0.18227428,0.41616523,0.06851041
573,0.44051284,0.40260804,0.3319587,0.36151564,0.16474569,0.09669322,0.090536594,0.09379268,0.07432103,0.1937908,0.09016222,0.013250232,0.17766273,0.1358313,0.2839337,0.14836192,0.17610425,0.012477398,0.10376191,0.09630066
574,0.22338027,0.38538796,0.007584691,0.12667096,0.045244873,0.074347734,0.15419304,0.011959255,0.039947152,0.0095383525,0.09464854,0.17050838,0.008341968,0.02213037,0.36173898,0.008671939,0.026743054,0.018362105,0.036365807,0.05373341
575,0.36405575,0.26201004,0.041800678,0.35702837,0.23884243,0.031373262,0.065626085,0.06558609,0.057246387,0.1299004,0.026522338,0.0040206313,0.14511561,0.05142927,0.11054742,0.040315032,0.15289825,0.047095597,0.067652345,0.028108478
576,0.47635388,0.32697397,0.18783283,0.28284723,0.39742297,0.30011064,0.25099027,0.17667395,0.37193793,0.35945058,0.350716,0.27094823,0.23017162,0.26462322,0.3368252,0.25187325,0.019388974,0.015688658,0.05807489,0.25445634
577,0.06823051,0.078150034,0.014322221,0.011457443,0.012511134,0.011802256,0.029263616,0.020788133,0.014105916,0.11766255,0.01463598,0.0145641565,0.015806735,0.10951841,0.06431794,0.30083787,0.009426236,0.020467281,0.04743558,0.015681088
578,0.32611126,0.3079943,0.1613763,0.30564666,0.29486763,0.0069830418,0.036554575,0.0342893,0.03436321,0.0051110387,0.023727953,0.09833467,0.1242497,0.15641332,0.3614869,0.17998272,0.0545277,0.1416595,0.08421111,0.059140086
579,0.3443902,0.2330203,0.18721253,0.17745978,0.17724836,0.14841235,0.058940887,0.095606804,0.010842741,0.053664923,0.12526166,0.030800402,0.12265563,0.050837755,0.34871238,0.24903029,0.068914175,0.11719626,0.2682811,0.07707757
580,0.31202573,0.29591686,0.04307598,0.38076192,0.289194,0.10808307,0.09672725,0.0500139,0.045675337,0.072683156,0.0070459843,0.097715795,0.08707893,0.060580194,0.07944679,0.022084594,0.060842097,0.10769558,0.23031944,0.06279528
581,0.384448,0.32994086,0.015023947,0.21804154,0.18236083,0.04975432,0.07424557,0.01909995,0.050540984,0.011913717,0.02801454,0.04807067,0.06912202,0.011552393,0.08170074,0.011106133,0.07415426,0.04469168,0.0722183,0.100462556
582,0.52486783,0.33776253,0.0265342,0.100141644,0.05308944,0.13730633,0.1784088,0.21313488,0.11841881,0.014111936,0.05670458,0.038108528,0.04162401,0.043137252,0.0039503574,0.08177364,0.043825805,0.17139983,0.06464279,0.18336648
583,0.47650778,0.36407274,0.03484559,0.21845007,0.10477215,0.22735894,0.34718823,0.17364377,0.35698414,0.09657252,0.037575603,0.04839152,0.021567106,0.1471399,0.034564674,0.0050638914,0.05095321,0.055078745,0.09468621,0.2404213
584,0.33691287,0.38700515,0.114495814,0.048077762,0.049580216,0.009677827,0.22813857,0.09561956,0.014026284,0.012121856,0.08630419,0.009900272,0.008179188,0.04272479,0.14707816,0.14757615,0.17153257,0.11688846,0.29619843,0.3349058
585,0.2095365,0.28068608,0.012444854,0.0069677234,0.05514103,0.07744938,0.021021545,0.13020456,0.019088268,0.020341933,0.007634759,0.013951421,0.010188699,0.012894511,0.035423636,0.017774701,0.022071064,0.012552857,0.05050403,0.2889716
586,0.44472563,0.3920998,0.09639019,0.16438508,0.09991181,0.21311122,0.33497024,0.2058006,0.2515902,0.2649057,0.15178543,0.2097429,0.119267285,0.02447009,0.056141853,0.044697583,0.09503603,0.15701097,0.2285105,0.298998
587,0.4941479,0.4335686,0.038706183,0.11219168,0.16955447,0.04667133,0.20472163,0.1520477,0.008627474,0.05995208,0.042654634,0.039417744,0.008599043,0.110327125,0.06654787,0.053024292,0.28834885,0.16142428,0.2912761,0.37369448
588,0.2618338,0.3084687,0.009086311,0.035332978,0.011607647,0.0040171146,0.021842659,0.004330039,0.00627172,0.006822884,0.023241222,0.006338358,0.006138146,0.0045775175,0.023525715,0.014357209,0.01494962,0.016901791,0.11246467,0.36561793
