,Environment,SNP_index,SNP_CI_lo_index,SNP_CI_hi_index,Effect,N_genes_in_CI,SNP,Chromosome,Position (bp),BY allele,RM allele,locus,gene,distance,chr,x,decay_rate,idx
1576,li,467,465,479,-0.0031848494902508,5,snp468,1,112549,G,A,467,CCR4,810,chr1,342771,0.049197674,0
1577,li,918,813,989,-0.0020133403305284,8,snp919,1,196891,G,T,918,SWH1,704,chr1,427113,0.16452074,1
1578,li,1006,996,1033,0.0032011914794273,10,snp1006,2,18636,T,C,1005,SEA4,459,chr2,1062043,0.0944674,2
1579,li,1730,1381,1786,-0.0027905707537442,29,snp1730,2,211581,C,T,1729,HIR1,594,chr2,1254988,0.32616854,3
1580,li,1866,1767,2351,-0.0022582752884083,30,snp1866,2,243768,C,T,1865,COQ1,462,chr2,1287175,0.09827614,4
1581,li,2425,2392,2457,-0.003904511650445,7,snp2425,2,380932,C,T,2424,,114,chr2,1424339,0.035333633,5
1582,li,2808,2516,2932,-0.0022288600578477,30,snp2808,2,436120,T,C,2807,,98,chr2,1479527,0.057435036,6
1583,li,2964,2959,2984,-0.0096126030162086,4,snp2964,2,462588,G,A,2963,SUS1,8,chr2,1505995,0.14523268,7
1584,li,3404,3380,3476,0.0062821450234484,7,snp3404,2,531286,T,C,3403,SUP45,416,chr2,1574693,0.045090914,8
1585,li,4346,4273,4502,0.0025317985993946,28,snp4346,2,667658,T,G,4345,PCS60,694,chr2,1711065,0.24511218,9
1586,li,4723,4686,4730,0.0020288135572229,15,snp4723,2,794293,A,G,4722,PCA1,1443,chr2,1837700,0.058305264,10
1587,li,5216,5070,5238,0.002756979432225,22,snp5215,3,252053,T,G,5214,,179,chr3,1601396,0.1144886,11
1588,li,7120,7120,7121,-0.139416395492566,1,snp7118,4,538174,A,G,7117,ENA1,293,chr4,3419449,1.5299857,12
1589,li,9691,9451,9787,0.0020696429718898,30,snp9688,5,72942,C,T,9687,,406,chr5,3529994,0.21961927,13
1590,li,9958,9919,10020,0.0049762194459234,8,snp9955,5,196819,C,A,9954,RPN3,603,chr5,3653871,0.22597313,14
1591,li,10206,10125,10256,-0.0045578574556309,13,snp10203,5,245097,T,C,10202,SAP1,309,chr5,3702149,0.16134977,15
1592,li,10366,10356,10384,-0.0036175035262768,30,snp10363,5,297093,A,G,10362,"ARG5,6",189,chr5,3754145,0.033825636,16
1593,li,10736,10734,10850,0.0046061258920758,9,snp10733,5,497473,C,A,10732,SPT2,777,chr5,3954525,0.02707839,17
1594,li,11232,11190,11474,-0.0017756987475978,20,snp11228,6,33340,T,C,11227,ALR2,68,chr6,3760553,0.021225214,18
1595,li,11633,11469,11646,-0.0023673791545457,13,snp11629,6,91475,C,T,11628,BUD27,489,chr6,3818688,0.062310696,19
1596,li,11806,11720,12027,-0.0016336177516349,30,snp11802,6,124909,C,G,11801,BLM10,1430,chr6,3852122,0.14047623,20
1597,li,12830,12526,12845,0.0035092607665622,10,snp12825,7,25442,C,T,12824,HXK2,47,chr7,4843595,0.02797842,21
1598,li,13418,13329,13459,0.0044867961277204,6,snp13413,7,139341,A,G,13412,GCN1,202,chr7,4957494,0.08439422,22
1599,li,13623,13606,13657,-0.0104886002333019,7,snp13618,7,181935,T,A,13617,NUP49,183,chr7,5000088,0.122606754,23
1600,li,14244,14199,14266,0.0034142273813027,7,snp14239,7,413440,C,T,14238,RIM8,662,chr7,5231593,0.052940845,24
1601,li,14649,14474,14649,-0.0057767341553067,23,snp14644,7,516638,C,T,14643,SNU71,222,chr7,5334791,0.2739668,25
1602,li,14962,14854,15002,-0.0016994123058724,30,snp14957,7,676388,C,T,14956,RRP46,46,chr7,5494541,0.16511083,26
1603,li,15199,15138,15205,-0.0043861183548258,6,snp15194,7,811341,T,C,15193,,836,chr7,5629494,0.035572052,27
1604,li,15752,15519,15917,-0.0020973492413523,30,snp15747,7,941028,A,G,15746,HSV2,159,chr7,5759181,0.15547276,28
1605,li,16557,16555,16561,-0.0078274196710609,3,snp16551,8,51892,G,A,16550,RIM101,781,chr8,5432686,0.08712411,29
1606,li,16905,16764,16976,-0.002011073716505,27,snp16899,8,116308,C,T,16898,TIM10,409,chr8,5497102,0.16072989,30
1607,li,17513,17471,17686,-0.0018105188739977,30,snp17507,8,328269,C,A,17506,GGA2,32,chr8,5709063,0.13206005,31
1608,li,18008,17957,18022,0.0024547173653887,30,snp18002,8,501187,A,G,18001,PPX1,46,chr8,5881981,0.06394386,32
1609,li,18677,18657,18681,0.0098372749011901,2,snp18670,9,111572,G,A,18669,TAO3,1669,chr9,5932257,0.20102262,33
1610,li,18763,18750,18882,0.0032180980333175,16,snp18756,9,134475,G,A,18755,QDR1,54,chr9,5955160,0.06774068,34
1611,li,19203,19104,19257,0.0025026380418651,24,snp19196,9,250320,C,G,19195,VHR1,325,chr9,6071005,0.20698905,35
1612,li,19444,19366,19832,0.0019115192102182,30,snp19437,9,286349,G,A,19436,CST6,680,chr9,6107034,0.02746582,36
1613,li,19933,19881,20091,0.0027125599352418,14,snp19926,9,412805,T,C,19925,DCG1,32,chr9,6233490,0.123518705,37
1614,li,20323,20158,20719,0.0013350523045091,30,snp20315,10,36034,A,G,20314,OPT1,215,chr10,6602470,0.09683967,38
1615,li,20765,20758,20771,0.0123151673620333,2,snp20757,10,107092,A,G,20756,HAL5,198,chr10,6673528,0.5012095,39
1616,li,21141,21075,21255,0.002961604153231,26,snp21133,10,172240,A,G,21132,URA2,127,chr10,6738676,0.27433038,40
1617,li,21947,21936,22007,0.0043341777278938,8,snp21939,10,425108,C,G,21938,CYR1,49,chr10,6991544,0.013417006,41
1618,li,22283,22199,22502,-0.0024370146471107,25,snp22275,10,511262,C,G,22274,URB2,1023,chr10,7077698,0.042313337,42
1619,li,22936,22930,22948,0.0108391198492437,5,snp22928,10,655476,C,T,22927,ENT3,487,chr10,7221912,0.10201931,43
1620,li,23001,22994,23062,-0.0024665290680864,16,snp22993,10,685155,A,G,22992,IML1,588,chr10,7251591,0.09512901,44
1621,li,24428,24356,24450,0.0049028116117083,10,snp24419,11,223563,C,T,24418,APN1,208,chr11,7456817,0.2531886,45
1622,li,25285,24946,25404,-0.0018341060667033,30,snp25276,11,405963,A,G,25275,HCS1,770,chr11,7639217,0.047940016,46
1623,li,26200,26194,26217,-0.0117313823621437,1,snp26191,11,615581,T,C,26190,PTR2,152,chr11,7848835,0.65621734,47
1624,li,27248,27004,27360,-0.0024230255363459,30,snp27238,12,279974,G,A,27237,,968,chr12,8589006,0.016850233,48
1625,li,27559,27526,27594,0.0028157473670726,23,snp27549,12,372954,T,A,27548,HOG1,28,chr12,8681986,0.034105778,49
1626,li,27620,27617,27644,0.004531028368461,22,snp27610,12,425539,A,G,27609,PUT1,354,chr12,8734571,0.09289384,50
1627,li,27669,27648,27685,0.0100524038844811,8,snp27659,12,501202,G,T,27658,DPH5,57,chr12,8810234,0.31065345,51
1628,li,27964,27896,28002,-0.0020598719816802,29,snp27954,12,572945,T,C,27953,,37,chr12,8881977,0.102078915,52
1629,li,28137,28065,28182,0.004202401179752,13,snp28127,12,630047,G,A,28126,IRC20,1364,chr12,8939079,0.38696527,53
1630,li,28226,28226,28226,0.029221778287053,1,snp28216,12,650766,C,T,28215,HAP1,156,chr12,8959798,0.08055568,54
1631,li,29225,28343,29689,-0.0021873589073638,30,snp29215,12,799106,G,A,29214,SGD1,891,chr12,9108138,0.05503893,55
1632,li,29838,29809,29847,-0.0075633258281763,5,snp29828,12,870992,G,A,29827,PSY3,163,chr12,9180024,0.047773123,56
1633,li,30189,30188,30190,0.0106215137757502,2,snp30179,12,940925,G,T,30178,VIP1,2343,chr12,9249957,0.04668832,57
1634,li,30573,30449,30638,-0.0018099960326252,16,snp30563,12,1044837,G,A,30562,FMP27,3238,chr12,9353869,0.034230947,58
1635,li,30657,30656,30659,-0.0122969981582413,2,snp30646,13,24565,A,G,30645,PHO84,528,chr13,9258025,0.09479523,59
1636,li,30755,30738,30836,0.0054207709838582,9,snp30744,13,49008,A,T,30743,BUL2,696,chr13,9282468,0.09582043,60
1637,li,31320,31301,31351,-0.0049317249981538,10,snp31309,13,160785,G,A,31308,,376,chr13,9394245,0.2478838,61
1638,li,31648,31618,31688,0.0037280241214686,13,snp31637,13,245624,C,T,31636,,90,chr13,9479084,0.4364431,62
1639,li,31936,31928,31940,0.0031379308440443,13,snp31925,13,331334,A,G,31924,RSF1,544,chr13,9564794,0.011920929,63
1640,li,32173,32103,32356,0.0026288541609341,30,snp32162,13,409453,T,C,32161,MOT3,302,chr13,9642913,0.020122528,64
1641,li,33102,33078,33104,-0.0085687484166212,4,snp33091,13,705664,A,G,33090,TRS130,1220,chr13,9939124,0.10800958,65
1642,li,33237,33231,33305,-0.00327345494343,19,snp33226,13,817301,C,A,33225,BUL1,1277,chr13,10050761,0.020861626,66
1643,li,33589,33503,33596,-0.0018951393869,7,snp33578,13,914902,T,C,33577,FET4,367,chr13,10148362,0.17094016,67
1644,li,34309,34300,34321,0.0088383665850316,4,snp34297,14,265580,A,G,34296,GCR2,654,chr14,10283371,0.055515766,68
1645,li,34744,34742,34746,0.0148453088993545,2,snp34732,14,467214,A,G,34731,MKT1,85,chr14,10485005,0.15087724,69
1646,li,34765,34761,34846,0.0036802019359598,23,snp34753,14,487813,C,T,34752,MLF3,309,chr14,10505604,0.14853477,70
1647,li,35136,35079,35142,0.0033032463851869,16,snp35124,14,618470,G,A,35123,SIS1,35,chr14,10636261,0.06713867,71
1648,li,35536,35524,35681,0.0034345739813081,10,snp35523,15,41788,A,T,35522,FRE7,822,chr15,11150680,0.11290312,72
1649,li,35798,35738,35817,0.005321978029504,10,snp35785,15,76693,A,C,35784,ALR1,286,chr15,11185585,0.21477342,73
1650,li,36256,36248,36259,-0.0209845207764467,1,snp36243,15,152141,G,A,36242,HAL9,1349,chr15,11261033,0.21210909,74
1651,li,36455,36452,36561,-0.0106293141524757,4,snp36442,15,171671,A,G,36441,IRA2,601,chr15,11280563,0.024741888,75
1652,li,37433,37366,37505,-0.0044993992188808,8,snp37420,15,419521,G,A,37419,RAT1,891,chr15,11528413,0.032806396,76
1653,li,37712,37709,37722,-0.0111042047852554,3,snp37699,15,461164,G,T,37698,NRT1,112,chr15,11570056,0.1006186,77
1654,li,37908,37857,38761,-0.0022296404131418,30,snp37895,15,488780,A,G,37894,YVC1,954,chr15,11597672,0.05044341,78
1655,li,39663,39630,39669,-0.0023420533643592,17,snp39650,15,1039396,A,G,39649,NUD1,197,chr15,12148288,0.07057786,79
1656,li,40106,40094,40110,0.005141551342154,4,snp40092,16,210433,A,G,40091,PPQ1,627,chr16,12267391,0.60144067,80
1657,li,40730,40716,40737,-0.0074427250409452,2,snp40716,16,463541,G,A,40715,DIG1,298,chr16,12520499,0.017088652,81
1658,li,41059,40954,41078,-0.0062015352853821,8,snp41045,16,517743,A,G,41044,CTF19,92,chr16,12574701,0.12778044,82
