gene,coef_RM_ena1RM,stderr_RM_ena1RM,lower_ci_RM_ena1RM,upper_ci_RM_ena1RM,coef_BY_ena1RM,stderr_BY_ena1RM,lower_ci_BY_ena1RM,upper_ci_BY_ena1RM,coef_RM_ena1BY,stderr_RM_ena1BY,lower_ci_RM_ena1BY,upper_ci_RM_ena1BY,coef_BY_ena1BY,stderr_BY_ena1BY,lower_ci_BY_ena1BY,upper_ci_BY_ena1BY,idx,Environment,SNP_index,SNP_CI_lo_index,SNP_CI_hi_index,Effect,N_genes_in_CI,SNP,Chromosome,Position (bp),BY allele,RM allele,locus,distance,chr,x,decay_rate
CCR4,0.00035095215,0.0024656993,-0.0045804465,0.005282351,0.00044631958,0.0024717355,-0.0044971514,0.0053897905,0.002374649,0.0024687194,-0.0025627897,0.007312088,0.0024375916,0.0024626758,-0.00248776,0.007362943,0,li,467,465,479,-0.0031848494902508,5,snp468,1,112549,G,A,467,0,chr1,342771,0.0019848347
SWH1,0.00017929077,0.00074252475,-0.0013057587,0.0016643403,0.00022888184,0.0007816314,-0.0013343809,0.0017921446,0.00028800964,0.00080046855,-0.0013129275,0.0018889467,0.0002861023,0.00075249193,-0.0012188816,0.0017910862,1,li,918,813,989,-0.0020133403305284,8,snp919,1,196891,G,T,918,704,chr1,427113,0.00018477440000000002
SEA4,-0.005126953,0.003809689,-0.012746331,0.002492425,-0.005168915,0.0037959747,-0.012760865,0.0024230345,-0.0029125214,0.0038077328,-0.010527987,0.0047029443,-0.0028591156,0.0037940112,-0.010447138,0.004728907,2,li,1006,996,1033,0.0032011914794273,10,snp1006,2,18636,T,C,1005,0,chr2,1062043,0.004976988
HIR1,0.0001487732,0.000791106,-0.0014334389,0.0017309852,0.00015258789,0.000791106,-0.0014296242,0.0017347999,0.00011444092,0.0007816314,-0.0014488219,0.0016777037,0.00010681152,0.00080046855,-0.0014941256,0.0017077486,3,li,1730,1381,1786,-0.0027905707537442,29,snp1730,2,211581,C,T,1729,0,chr2,1254988,0.00019073486
COQ1,0.008892059,0.0060680117,-0.0032439642,0.021028083,0.009178162,0.005982691,-0.0027872203,0.021143544,0.0015258789,0.006026121,-0.010526363,0.013578121,0.0014839172,0.00595523,-0.010426543,0.013394377,4,li,1866,1767,2351,-0.0022582752884083,30,snp1866,2,243768,C,T,1865,0,chr2,1287175,0.014686583999999999
,0.0025520325,0.0030833327,-0.0036146329,0.008718697,0.0025405884,0.0030905735,-0.0036405586,0.008721735,0.002811432,0.0030905735,-0.003369715,0.008992579,0.0028915405,0.0030905735,-0.0032896064,0.0090726875,5,li,2425,2392,2457,-0.003904511650445,7,snp2425,2,380932,C,T,2424,0,chr2,1424339,0.003170967
,0.006855011,0.005650946,-0.004446881,0.018156903,0.006690979,0.0056152344,-0.0045394897,0.017921448,0.0032691956,0.005631134,-0.007993072,0.014531463,0.003112793,0.0056192135,-0.008125634,0.01435122,6,li,2808,2516,2932,-0.0022288600578477,30,snp2808,2,436120,T,C,2807,0,chr2,1479527,0.011777878
SUS1,0.01222229,0.0076291505,-0.003036011,0.027480591,0.012077332,0.007511045,-0.0029447582,0.027099421,0.0072612762,0.00756639,-0.007871504,0.022394057,0.0071487427,0.0074872,-0.007825658,0.022123143,7,li,2964,2959,2984,-0.0096126030162086,4,snp2964,2,462588,G,A,2963,8,chr2,1505995,0.026053190000000004
SUP45,-0.020816803,0.007355686,-0.035528176,-0.0061054314,-0.017810822,0.0063476562,-0.030506134,-0.005115509,-0.0027065277,0.0067481813,-0.01620289,0.010789835,0.0018749237,0.005879685,-0.009884446,0.013634293,8,li,3404,3380,3476,0.0062821450234484,7,snp3404,2,531286,T,C,3403,0,chr2,1574693,0.09215474
PCS60,-0.0008277893,0.0020895072,-0.0050068037,0.003351225,-0.00074005127,0.0020823635,-0.004904778,0.0034246757,-0.0020484924,0.0020966264,-0.0062417453,0.0021447605,-0.001953125,0.0020895072,-0.0061321394,0.0022258894,9,li,4346,4273,4502,0.0025317985993946,28,snp4346,2,667658,T,G,4345,0,chr2,1711065,0.0014066696
PCA1,-0.0005950928,0.0023858424,-0.0053667775,0.004176592,-0.0005836487,0.0023827173,-0.0053490833,0.004181786,-0.0022335052,0.002388963,-0.0070114313,0.0025444208,-0.002298355,0.0023827173,-0.0070637898,0.0024670796,10,li,4723,4686,4730,0.0020288135572229,15,snp4723,2,794293,A,G,4722,0,chr2,1837700,0.0018537044999999998
,-0.0073051453,0.0050992672,-0.017503679,0.0028933892,-0.007095337,0.005055244,-0.017205825,0.0030151512,-0.0014820099,0.0050802375,-0.011642485,0.008678465,-0.0016384125,0.0050463933,-0.011731199,0.008454374,11,li,5216,5070,5238,0.002756979432225,22,snp5215,3,252053,T,G,5214,179,chr3,1601396,0.009536743
ENA1,0.20928574,0.024355551,0.16057463,0.25799683,0.086868286,0.01673254,0.053403206,0.120333366,0.20928574,0.030630164,0.14802541,0.27054608,0.086868286,,,,12,li,7120,7120,7121,-0.139416395492566,1,snp7118,4,538174,A,G,7117,0,chr4,3419449,43.409044
,-0.0013008118,0.0017689669,-0.0048387456,0.002237122,-0.0012626648,0.00176475,-0.004792165,0.0022668352,-0.001247406,0.00176475,-0.004776906,0.002282094,-0.0013084412,0.0017605231,-0.0048294873,0.002212605,13,li,9691,9451,9787,0.0020696429718898,30,snp9688,5,72942,C,T,9687,0,chr5,3529994,0.0009834766
RPN3,-0.0024757385,0.003252664,-0.008981067,0.0040295897,-0.0021781921,0.0032503728,-0.008678937,0.0043225535,-0.0034313202,0.003254954,-0.009941228,0.0030785878,-0.0031738281,0.0032572423,-0.009688312,0.0033406564,14,li,9958,9919,10020,0.0049762194459234,8,snp9955,5,196819,C,A,9954,0,chr5,3653871,0.003528595
SAP1,0.0089530945,0.0071429387,-0.005332783,0.023238972,0.009777069,0.006999644,-0.004222219,0.023776356,-0.00090026855,0.0070758676,-0.015052004,0.013251467,-5.340576e-05,0.0069697765,-0.013992959,0.013886147,15,li,10206,10125,10256,-0.0045578574556309,13,snp10203,5,245097,T,C,10202,0,chr5,3702149,0.023078918
"ARG5,6",0.0070533752,0.0066949753,-0.0063365754,0.020443326,0.008167267,0.006588405,-0.005009543,0.021344077,0.00036239624,0.0066413432,-0.01292029,0.013645083,0.0017471313,0.0065714205,-0.01139571,0.014889972,16,li,10366,10356,10384,-0.0036175035262768,30,snp10363,5,297093,A,G,10362,189,chr5,3754145,0.018900633
SPT2,-0.0002746582,0.00077204045,-0.0018187391,0.0012694227,-0.00017547607,0.0008097229,-0.0017949218,0.0014439697,-0.0002975464,0.000791106,-0.0018797584,0.0012846657,-0.0003528595,0.00077204045,-0.0018969404,0.0011912214,17,li,10736,10734,10850,0.0046061258920758,9,snp10733,5,497473,C,A,10732,777,chr5,3954525,0.00019073486
ALR2,-7.6293945e-06,0.0,-7.6293945e-06,-7.6293945e-06,-3.8146973e-05,0.0,-3.8146973e-05,-3.8146973e-05,4.196167e-05,0.0,4.196167e-05,4.196167e-05,-9.536743e-06,0.00012207031,-0.00025367737,0.00023460388,18,li,11232,11190,11474,-0.0017756987475978,20,snp11228,6,33340,T,C,11227,0,chr6,3760553,0.0
BUD27,0.0044136047,0.0036170734,-0.002820542,0.011647752,0.0046195984,0.0036067595,-0.0025939206,0.011833117,0.0028018951,0.0036150129,-0.0044281306,0.010031921,0.0029277802,0.0036026256,-0.004277471,0.010133032,19,li,11633,11469,11646,-0.0023673791545457,13,snp11629,6,91475,C,T,11628,0,chr6,3818688,0.004452467
BLM10,-6.1035156e-05,0.0,-6.1035156e-05,-6.1035156e-05,-0.0,0.0,-0.0,-0.0,1.5258789e-05,0.0,1.5258789e-05,1.5258789e-05,-1.5258789e-05,0.0,-1.5258789e-05,-1.5258789e-05,20,li,11806,11720,12027,-0.0016336177516349,30,snp11802,6,124909,C,G,11801,0,chr6,3852122,0.0
HXK2,-0.0026512146,0.002407603,-0.0074664205,0.0021639913,-0.0025482178,0.0024137842,-0.007375786,0.0022793505,-0.0018196106,0.0024137842,-0.006647179,0.0030079577,-0.001750946,0.0023983011,-0.0065475483,0.0030456563,21,li,12830,12526,12845,0.0035092607665622,10,snp12825,7,25442,C,T,12824,47,chr7,4843595,0.0019013881999999998
GCN1,-0.00016784668,0.0018673167,-0.00390248,0.0035667866,-4.5776367e-05,0.0018673167,-0.0037804097,0.003688857,-0.0012359619,0.0018713025,-0.004978567,0.002506643,-0.0012874603,0.0018633225,-0.0050141052,0.0024391846,22,li,13418,13329,13459,0.0044867961277204,6,snp13413,7,139341,A,G,13412,0,chr7,4957494,0.0011205673
NUP49,0.010246277,0.0068348474,-0.003423418,0.023915973,0.010097504,0.0066938624,-0.003290221,0.023485228,0.0019893646,0.0067658233,-0.011542282,0.015521011,0.0018196106,0.006645829,-0.011472047,0.0151112685,23,li,13623,13606,13657,-0.0104886002333019,7,snp13618,7,181935,T,A,13617,0,chr7,5000088,0.021165609999999998
RIM8,-0.0011291504,0.0023257518,-0.005780654,0.0035223532,-0.001045227,0.0023353426,-0.005715912,0.003625458,-0.002231598,0.0023417147,-0.0069150273,0.0024518315,-0.0022354126,0.0023385307,-0.006912474,0.0024416489,24,li,14244,14199,14266,0.0034142273813027,7,snp14239,7,413440,C,T,14238,662,chr7,5231593,0.001770258
SNU71,0.0033988953,0.0033718816,-0.0033448678,0.010142658,0.00340271,0.0033585979,-0.0033144858,0.010119906,0.0035705566,0.0033696713,-0.003168786,0.010309899,0.0036468506,0.0033652463,-0.003083642,0.010377344,25,li,14649,14474,14649,-0.0057767341553067,23,snp14644,7,516638,C,T,14643,222,chr7,5334791,0.0038146973
RRP46,-5.340576e-05,0.0,-5.340576e-05,-5.340576e-05,-1.1444092e-05,0.0,-1.1444092e-05,-1.1444092e-05,3.4332275e-05,0.0,3.4332275e-05,3.4332275e-05,2.2888184e-05,0.0,2.2888184e-05,2.2888184e-05,26,li,14962,14854,15002,-0.0016994123058724,30,snp14957,7,676388,C,T,14956,46,chr7,5494541,0.0
,0.0038375854,0.0038214053,-0.0038052252,0.011480397,0.0037879944,0.0038077328,-0.0038274713,0.01140346,0.0047626495,0.0038135985,-0.0028645475,0.012389846,0.0047416687,0.003799898,-0.0028581275,0.012341465,27,li,15199,15138,15205,-0.0043861183548258,6,snp15194,7,811341,T,C,15193,836,chr7,5629494,0.0050067900000000005
HSV2,0.0042037964,0.003799898,-0.0033959998,0.011803593,0.0041160583,0.0037900817,-0.003464105,0.011696221,0.004640579,0.0037900817,-0.0029395842,0.012220742,0.00434494,0.003776296,-0.003207652,0.011897532,28,li,15752,15519,15917,-0.0020973492413523,30,snp15747,7,941028,A,G,15746,0,chr7,5759181,0.0049352646
RIM101,0.0045547485,0.0035693827,-0.0025840169,0.011693514,0.0043945312,0.0035568364,-0.0027191415,0.011508204,0.0034484863,0.0035589307,-0.003669375,0.010566348,0.0031967163,0.0035505467,-0.003904377,0.01029781,29,li,16557,16555,16561,-0.0078274196710609,3,snp16551,8,51892,G,A,16550,0,chr8,5432686,0.004297495
TIM10,7.6293945e-06,0.00027295752,-0.00053828565,0.00055354444,1.9073486e-05,0.00024414062,-0.00046920776,0.00050735474,1.7166138e-05,0.00024414062,-0.0004711151,0.0005054474,3.6239624e-05,0.00029901,-0.00056178035,0.0006342596,30,li,16905,16764,16976,-0.002011073716505,27,snp16899,8,116308,C,T,16898,409,chr8,5497102,5.9604645e-06
GGA2,0.006099701,0.0047748066,-0.0034499122,0.015649315,0.0062446594,0.0047403537,-0.003236048,0.015725367,0.0008468628,0.004762307,-0.008677751,0.010371476,0.0006980896,0.004721455,-0.00874482,0.010140999,31,li,17513,17471,17686,-0.0018105188739977,30,snp17507,8,328269,C,A,17506,32,chr8,5709063,0.008249283
PPX1,-0.0018081665,0.003932862,-0.009673891,0.0060575576,-0.0017547607,0.003921479,-0.009597719,0.006088197,-0.0050468445,0.003932862,-0.012912569,0.0028188797,-0.005121231,0.0039195786,-0.012960388,0.0027179262,32,li,18008,17957,18022,0.0024547173653887,30,snp18002,8,501187,A,G,18001,46,chr8,5881981,0.005340576
TAO3,-0.022766113,0.006114492,-0.034995098,-0.010537129,-0.020744324,0.0043621995,-0.029468723,-0.012019925,-0.0020809174,0.0050787707,-0.012238459,0.008076624,-0.00025177002,0.0033206716,-0.0068931133,0.006389573,33,li,18677,18657,18681,0.0098372749011901,2,snp18670,9,111572,G,A,18669,0,chr9,5932257,0.10166168
QDR1,-0.00025558472,0.0008886853,-0.0020329552,0.0015217859,-0.00017547607,0.00090529764,-0.0019860715,0.0016351192,-0.00016403198,0.0009216106,-0.0020072532,0.0016791893,-0.00017166138,0.00089702994,-0.0019657211,0.0016223985,34,li,18763,18750,18882,0.0032180980333175,16,snp18756,9,134475,G,A,18755,0,chr9,5955160,0.00025629997
VHR1,-0.0018234253,0.0021353583,-0.006094142,0.0024472913,-0.0018043518,0.0021353583,-0.0060750684,0.0024663648,-0.0018634796,0.0021423253,-0.00614813,0.002421171,-0.0018081665,0.0021318663,-0.006071899,0.002455566,35,li,19203,19104,19257,0.0025026380418651,24,snp19196,9,250320,C,G,19195,0,chr9,6071005,0.0014603138
CST6,-5.340576e-05,0.0,-5.340576e-05,-5.340576e-05,3.0517578e-05,0.0,3.0517578e-05,3.0517578e-05,6.866455e-05,0.0,6.866455e-05,6.866455e-05,-4.5776367e-05,0.0,-4.5776367e-05,-4.5776367e-05,36,li,19444,19366,19832,0.0019115192102182,30,snp19437,9,286349,G,A,19436,0,chr9,6107034,0.0
DCG1,-0.0082092285,0.0054972316,-0.019203693,0.0027852347,-0.007892609,0.0054235496,-0.018739708,0.0029544905,-0.0026340485,0.0054536886,-0.013541426,0.008273329,-0.0022964478,0.0054056617,-0.013107771,0.008514876,37,li,19933,19881,20091,0.0027125599352418,14,snp19926,9,412805,T,C,19925,32,chr9,6233490,0.0114917755
OPT1,-3.0517578e-05,0.0,-3.0517578e-05,-3.0517578e-05,-0.0,0.0,-0.0,-0.0,1.5258789e-05,0.0,1.5258789e-05,1.5258789e-05,7.6293945e-06,0.0,7.6293945e-06,7.6293945e-06,38,li,20323,20158,20719,0.0013350523045091,30,snp20315,10,36034,A,G,20314,0,chr10,6602470,0.0
HAL5,-0.023639679,0.007882756,-0.03940519,-0.007874167,-0.0221138,0.007291594,-0.03669699,-0.007530612,-0.012573242,0.0075298683,-0.027632978,0.0024864944,-0.008926392,0.0071387654,-0.023203922,0.005351139,39,li,20765,20758,20771,0.0123151673620333,2,snp20757,10,107092,A,G,20756,0,chr10,6673528,0.05874634
URA2,-7.6293945e-06,0.00048828125,-0.0009841919,0.0009689331,2.2888184e-05,0.00048828125,-0.0009536743,0.0009994507,-2.0980835e-05,0.0005033088,-0.0010275984,0.0009856367,-3.8146973e-06,0.0005033088,-0.0010104323,0.0010028029,40,li,21141,21075,21255,0.002961604153231,26,snp21133,10,172240,A,G,21132,0,chr10,6738676,7.1525574e-05
CYR1,-0.0076675415,0.0050345683,-0.017736677,0.002401595,-0.007396698,0.004995943,-0.017388584,0.002595188,-0.0043029785,0.005010834,-0.014324646,0.0057186894,-0.0039920807,0.0049810074,-0.013954096,0.005969934,41,li,21947,21936,22007,0.0043341777278938,8,snp21939,10,425108,C,G,21938,49,chr10,6991544,0.0093221664
URB2,-6.866455e-05,0.00024414062,-0.0005569458,0.0004196167,3.8146973e-06,0.00024414062,-0.00048446655,0.00049209595,1.9073486e-05,0.00024414062,-0.00046920776,0.00050735474,3.8146973e-05,0.00024414062,-0.00045013428,0.0005264282,42,li,22283,22199,22502,-0.0024370146471107,25,snp22275,10,511262,C,G,22274,0,chr10,7077698,5.9604645e-06
ENT3,-0.007007599,0.007964562,-0.022936722,0.0089215245,-0.005722046,0.0074622813,-0.02064661,0.009202517,-0.019237518,0.0078000925,-0.034837704,-0.0036373334,-0.016565323,0.0072895503,-0.031144423,-0.0019862223,43,li,22936,22930,22948,0.0108391198492437,5,snp22928,10,655476,C,T,22927,0,chr10,7221912,0.049275160000000005
IML1,0.0013275146,0.0019107027,-0.0024938907,0.00514892,0.0014572144,0.0019107027,-0.002364191,0.00527862,0.0011367798,0.001914598,-0.0026924163,0.004965976,0.0011692047,0.0019223652,-0.0026755256,0.0050139353,44,li,23001,22994,23062,-0.0024665290680864,16,snp22993,10,685155,A,G,22992,0,chr10,7251591,0.001168251
APN1,-0.0043907166,0.0036150129,-0.011620742,0.0028393092,-0.0043258667,0.0036067595,-0.011539386,0.0028876523,-0.0041275024,0.0036170734,-0.011361649,0.0031066444,-0.004009247,0.0036026256,-0.011214498,0.0031960043,45,li,24428,24356,24450,0.0049028116117083,10,snp24419,11,223563,C,T,24418,0,chr11,7456817,0.004440546
HCS1,0.00088500977,0.002516544,-0.004148078,0.0059180977,0.0009498596,0.0025135817,-0.0040773037,0.005977023,0.0025978088,0.002516544,-0.002435279,0.0076308968,0.0026283264,0.0025135817,-0.002398837,0.0076554897,46,li,25285,24946,25404,-0.0018341060667033,30,snp25276,11,405963,A,G,25275,0,chr11,7639217,0.0020742416
PTR2,0.021686554,,,,0.008777618,,,,0.012971878,,,,0.0073490143,,,,47,li,26200,26194,26217,-0.0117313823621437,1,snp26191,11,615581,T,C,26190,152,chr11,7848835,0.67546964
,-2.2888184e-05,0.0,-2.2888184e-05,-2.2888184e-05,-1.5258789e-05,0.0,-1.5258789e-05,-1.5258789e-05,2.861023e-05,0.0,2.861023e-05,2.861023e-05,-1.1444092e-05,0.0,-1.1444092e-05,-1.1444092e-05,48,li,27248,27004,27360,-0.0024230255363459,30,snp27238,12,279974,G,A,27237,0,chr12,8589006,0.0
HOG1,-0.0010643005,0.0026067086,-0.0062777176,0.0041491166,-0.0010032654,0.0026067086,-0.0062166825,0.0042101517,-0.002494812,0.0026067086,-0.007708229,0.002718605,-0.0024986267,0.0026067086,-0.007712044,0.0027147904,49,li,27559,27526,27594,0.0028157473670726,23,snp27549,12,372954,T,A,27548,28,chr12,8681986,0.0022232533000000002
PUT1,-0.00409317,0.0044383933,-0.012969957,0.0047836164,-0.0038375854,0.004421575,-0.012680735,0.0050055645,-0.0049381256,0.0044316733,-0.013801472,0.003925221,-0.0046577454,0.0044182036,-0.013494153,0.004178662,50,li,27620,27617,27644,0.004531028368461,22,snp27610,12,425539,A,G,27609,0,chr12,8734571,0.0067949295
DPH5,-0.018802643,0.008298986,-0.035400614,-0.0022046715,-0.01651764,0.007710748,-0.031939134,-0.0010961434,-0.01083374,0.008039977,-0.026913695,0.0052462146,-0.008571625,0.007516003,-0.023603631,0.0064603817,51,li,27669,27648,27685,0.0100524038844811,8,snp27659,12,501202,G,T,27658,57,chr12,8810234,0.064855814
CPR6,0.003742218,0.0038135985,-0.003884979,0.011369415,0.0038223267,0.0038116444,-0.0038009621,0.011445615,0.0038642883,0.0038155518,-0.0037668152,0.011495392,0.003955841,0.0038077328,-0.0036596246,0.011571307,52,li,27964,27896,28002,-0.0020598719816802,29,snp27954,12,572945,T,C,27953,0,chr12,8881977,0.0048696995
IRC20,-3.4332275e-05,0.0006224389,-0.0012792101,0.0012105455,8.010864e-05,0.00064593536,-0.0012117621,0.0013719794,1.9073486e-06,0.00061035156,-0.0012187958,0.0012226105,3.4332275e-05,0.0006342959,-0.0012342596,0.0013029241,53,li,28137,28065,28182,0.004202401179752,13,snp28127,12,630047,G,A,28126,0,chr12,8939079,0.00012516975
HAP1,-0.021392822,0.008632538,-0.038657896,-0.0041277464,-0.04516983,0.0051861927,-0.055542216,-0.034797445,-0.04296112,0.008390946,-0.059743013,-0.026179228,-0.040124893,0.001998377,-0.044121645,-0.03612814,54,li,28226,28226,28226,0.029221778287053,1,snp28216,12,650766,C,T,28215,0,chr12,8959798,0.9190261
SGD1,0.0050086975,0.0041700904,-0.0033314833,0.013348878,0.0047569275,0.0041557727,-0.003554618,0.013068473,0.00248909,0.0041611474,-0.005833205,0.010811385,0.0022735596,0.0041557727,-0.006037986,0.010585105,55,li,29225,28343,29689,-0.0021873589073638,30,snp29215,12,799106,G,A,29214,0,chr12,9108138,0.0059366226
PSY3,0.017047882,0.00842462,0.00019864179,0.033897124,0.014709473,0.00807696,-0.0014444478,0.030863393,0.004928589,0.008234997,-0.011541406,0.021398583,0.0024585724,0.007981382,-0.013504192,0.018421337,56,li,29838,29809,29847,-0.0075633258281763,5,snp29828,12,870992,G,A,29827,0,chr12,9180024,0.045073032
VIP1,-0.0066566467,0.008245847,-0.023148341,0.009835048,-0.007923126,0.007952391,-0.023827909,0.007981656,-0.01581192,0.008084336,-0.031980593,0.00035675243,-0.016744614,0.007851503,-0.03244762,-0.0010416079,57,li,30189,30188,30190,0.0106215137757502,2,snp30179,12,940925,G,T,30178,2343,chr12,9249957,0.040596724
FMP27,0.0,0.0,0.0,0.0,-0.0,0.0,-0.0,-0.0,0.0,0.0,0.0,0.0,-0.0,0.0,-0.0,-0.0,58,li,30573,30449,30638,-0.0018099960326252,16,snp30563,12,1044837,G,A,30562,0,chr12,9353869,0.0
PHO84,0.04257965,0.01026117,0.022057312,0.06310199,0.039100647,0.009852973,0.019394701,0.05880659,-0.004501343,0.009238714,-0.022978771,0.013976086,-0.0063591003,0.008387394,-0.023133889,0.010415688,59,li,30657,30656,30659,-0.0122969981582413,2,snp30646,13,24565,A,G,30645,0,chr13,9258025,0.34763217
BUL2,-0.02664566,0.013318537,-0.053282734,-8.586794e-06,-0.036792755,0.012396599,-0.061585955,-0.011999557,0.010393143,0.011803006,-0.013212869,0.033999152,-0.0051631927,0.010852593,-0.026868379,0.016541993,60,li,30755,30738,30836,0.0054207709838582,9,snp30744,13,49008,A,T,30743,0,chr13,9282468,0.5770266
CMP2,0.0046844482,0.0039948896,-0.0033053309,0.012674227,0.004737854,0.003983684,-0.0032295138,0.012705222,0.0022525787,0.004006064,-0.0057595493,0.010264707,0.0021457672,0.003978069,-0.0058103707,0.010101905,61,li,31320,31301,31351,-0.0049317249981538,10,snp31309,13,160785,G,A,31308,0,chr13,9394245,0.0053942204
UBX2,-0.000118255615,0.00042286396,-0.00096398353,0.0007274723,2.2888184e-05,0.00044013077,-0.00085737335,0.0009031497,0.0,0.00044013077,-0.00088026153,0.00088026153,-4.005432e-05,0.00044013077,-0.00092031586,0.0008402072,62,li,31648,31618,31688,0.0037280241214686,13,snp31637,13,245624,C,T,31636,0,chr13,9479084,4.7683716e-05
RSF1,-0.005207062,0.004470174,-0.01414741,0.0037332866,-0.004802704,0.004445103,-0.01369291,0.004087502,-0.005554199,0.0044534756,-0.01446115,0.003352752,-0.0052490234,0.0044350345,-0.014119092,0.0036210455,63,li,31936,31928,31940,0.0031379308440443,13,snp31925,13,331334,A,G,31924,0,chr13,9564794,0.007081032
MOT3,-2.2888184e-05,,,,-1.1444092e-05,0.00012207031,-0.00025558472,0.00023269653,5.1498413e-05,0.0,5.1498413e-05,5.1498413e-05,-2.861023e-05,0.0,-2.861023e-05,-2.861023e-05,64,li,32173,32103,32356,0.0026288541609341,30,snp32162,13,409453,T,C,32161,0,chr13,9642913,0.0
TRS130,0.006702423,0.005444117,-0.0041858107,0.017590657,0.0068740845,0.0053890967,-0.003904109,0.017652277,0.007890701,0.005419427,-0.0029481528,0.018729556,0.0078048706,0.0053821797,-0.002959489,0.018569231,65,li,33102,33078,33104,-0.0085687484166212,4,snp33091,13,705664,A,G,33090,0,chr13,9939124,0.011277199
BUL1,0.003818512,0.0034806097,-0.0031427075,0.010779731,0.003791809,0.0034720367,-0.0031522643,0.010735882,0.00018119812,0.0034806097,-0.0067800214,0.0071424176,7.247925e-05,0.0034698902,-0.006867301,0.0070122597,66,li,33237,33231,33305,-0.00327345494343,19,snp33226,13,817301,C,A,33225,0,chr13,10050761,0.0041007996
FET4,0.0018157959,0.0023795885,-0.0029433812,0.006574973,0.0018730164,0.0023827173,-0.0028924183,0.006638451,0.002281189,0.00239208,-0.0025029709,0.007065349,0.0023555756,0.0023795885,-0.0024036015,0.0071147527,67,li,33589,33503,33596,-0.0018951393869,7,snp33578,13,914902,T,C,33577,367,chr13,10148362,0.0018417835
GCR2,-0.014621735,0.0072946586,-0.029211052,-3.2417476e-05,-0.014976501,0.0070968955,-0.029170293,-0.0007827105,-0.006713867,0.0072031827,-0.021120232,0.007692498,-0.0069007874,0.0070452658,-0.020991318,0.007189744,68,li,34309,34300,34321,0.0088383665850316,4,snp34297,14,265580,A,G,34296,0,chr14,10283371,0.026452540000000004
MKT1,0.031234741,0.01280517,0.0056244005,0.056845084,0.012248993,0.014392913,-0.016536834,0.041034818,-0.043668747,0.012367114,-0.068402976,-0.018934518,-0.042869568,0.013943829,-0.070757225,-0.014981911,69,li,34744,34742,34746,0.0148453088993545,2,snp34732,14,467214,A,G,34731,0,chr14,10485005,1.0131121
MLF3,-0.014743805,0.010123008,-0.03498982,0.005502211,-0.014633179,0.010006043,-0.034645267,0.0053789075,-0.00463295,0.010080968,-0.024794886,0.015528986,-0.0041866302,0.009966501,-0.024119632,0.015746372,70,li,34765,34761,34846,0.0036802019359598,23,snp34753,14,487813,C,T,34752,0,chr14,10505604,0.040763616999999995
SIS1,-0.00018692017,0.00061035156,-0.0014076233,0.001033783,-0.00011444092,0.00059802,-0.0013104809,0.001081599,-0.00017738342,0.00061035156,-0.0013980865,0.0010433197,-0.00020217896,0.0006224389,-0.0014470568,0.0010426989,71,li,35136,35079,35142,0.0033032463851869,16,snp35124,14,618470,G,A,35123,35,chr14,10636261,0.0001013279
FRE7,-5.722046e-05,0.00036621094,-0.00078964233,0.0006752014,-3.8146973e-06,0.00044013077,-0.00088407623,0.00087644684,-7.6293945e-06,0.00038602023,-0.00077966985,0.00076441106,-2.670288e-05,0.00040486144,-0.00083642575,0.00078302,72,li,35536,35524,35681,0.0034345739813081,10,snp35523,15,41788,A,T,35522,0,chr15,11150680,2.9802322e-05
ALR1,-0.007663727,0.0067525962,-0.02116892,0.0058414657,-0.008289337,0.0066749137,-0.021639165,0.00506049,-0.010526657,0.006722739,-0.023972135,0.0029188208,-0.011199951,0.00664695,-0.02449385,0.0020939484,73,li,35798,35738,35817,0.005321978029504,10,snp35785,15,76693,A,C,35784,0,chr15,11185585,0.018119812
HAL9,0.07437134,0.019623728,0.03512388,0.11361879,0.026252747,0.020991836,-0.015730925,0.06823642,0.009269714,0.01892208,-0.028574444,0.047113873,-0.0060482025,0.020054856,-0.046157915,0.03406151,74,li,36256,36248,36259,-0.0209845207764467,1,snp36243,15,152141,G,A,36242,0,chr15,11261033,1.7696679
IRA2,0.0023765564,0.010645343,-0.01891413,0.023667242,0.0011672974,0.010575122,-0.019982947,0.022317542,0.013496399,0.010536302,-0.007576205,0.034569003,0.012479782,0.010497337,-0.008514892,0.033474457,75,li,36455,36452,36561,-0.0106293141524757,4,snp36442,15,171671,A,G,36441,0,chr15,11280563,0.041377544
RAT1,0.003074646,0.0045902333,-0.0061058206,0.012255113,0.003063202,0.004570714,-0.0060782265,0.01220463,0.0052318573,0.004585361,-0.003938865,0.0144025795,0.005054474,0.0045772297,-0.0040999856,0.014208933,76,li,37433,37366,37505,-0.0044993992188808,8,snp37420,15,419521,G,A,37419,0,chr15,11528413,0.007033348
NRT1,0.0052108765,,,,0.0034370422,0.008185996,-0.012934949,0.019809034,0.020233154,,,,0.015151978,0.007888425,-0.00062487274,0.030928828,77,li,37712,37709,37722,-0.0111042047852554,3,snp37699,15,461164,G,T,37698,0,chr15,11570056,0.5645692299999999
YVC1,-4.196167e-05,0.00021143198,-0.00046482563,0.0003809023,3.0517578e-05,0.00027295752,-0.00051539746,0.0005764326,3.4332275e-05,0.00021143198,-0.00038853168,0.00045719623,-7.6293945e-06,0.00027295752,-0.00055354444,0.00053828565,78,li,37908,37857,38761,-0.0022296404131418,30,snp37895,15,488780,A,G,37894,0,chr15,11597672,1.7881393000000002e-05
NUD1,0.0004196167,0.0013756625,-0.0023317083,0.0031709417,0.0004386902,0.0013918157,-0.0023449413,0.0032223216,0.0011348724,0.0014077835,-0.0016806945,0.0039504394,0.0011005402,0.0013918157,-0.0016830913,0.0038841716,79,li,39663,39630,39669,-0.0023420533643592,17,snp39650,15,1039396,A,G,39649,197,chr15,12148288,0.0006020069000000001
PPQ1,-0.0047683716,0.003742605,-0.012253582,0.0027168384,-0.0045547485,0.003732638,-0.0120200245,0.0029105274,-0.0030441284,0.0037406136,-0.010525355,0.0044370987,-0.0027866364,0.0037206423,-0.0102279205,0.0046546482,80,li,40106,40094,40110,0.005141551342154,4,snp40092,16,210433,A,G,40091,627,chr16,12267391,0.0047922134
DIG1,0.009555817,0.005930155,-0.0023044934,0.021416128,0.009075165,0.005856831,-0.0026384974,0.020788826,0.0042419434,0.0058973986,-0.007552854,0.016036741,0.0032196045,0.0058415458,-0.008463487,0.014902696,81,li,40730,40716,40737,-0.0074427250409452,2,snp40716,16,463541,G,A,40715,0,chr16,12520499,0.013875961
CTF19,0.008922577,0.0057928762,-0.0026631756,0.02050833,0.008556366,0.005732108,-0.0029078498,0.020020582,0.005788803,0.005769679,-0.0057505546,0.017328162,0.0051727295,0.005720398,-0.0062680664,0.016613524,82,li,41059,40954,41078,-0.0062015352853821,8,snp41045,16,517743,A,G,41044,0,chr16,12574701,0.013041496
